This,is,a,sample,csv,file
it,does,pretty,much,nothing,except
provide,a,testing,mechanism,for,the,program
f;lkj31313131242432424242342345141242134213453245325afsf,a2354234523453245235324523535325
asdfasdfdasfasfasd,fadsfasdfasdfasdfasfasdfasf,asdfdsadfdsafasdfasdfdsafasd,fasdfasdfdasfasdfd
asfsadf,asdffafsafasdfasdf,fdsafasfsafasfsad,fasdfsadfasfsafasfsadfasfsaf
asdfasdfdasfasfasdadsfasfasfda
fasdfsadfasfsafasfsadfasfsaf
afsdf
fasdfsa
fdasfasfd
fasdfasf
fadsfasfasfdsa, afsdafasdf
fasdfasf
afdsafsafsa
fasdfasfafasfasdfdas
fdasfdasfdsaf, adfsasfs
